company_id,company_name,phone_number,email,type,Rating,address/streetaddress,address/postalcode,address/city
1,"Gulgowski, Heathcote and Terry",342-805-1753,dzeplin0@tripadvisor.com,African,1.3,0 Parkside Hill,3979,Vancouver
2,Luettgen-Jacobson,320-960-5862,gbeynke1@army.mil,Mexican,4.2,18 Butternut Alley,7670,New_Westminster
3,Schowalter Group,724-608-1324,kosburn2@ocn.ne.jp,Chinese,1.6,93326 Almo Street,5360,New_Westminster
4,"Weimann, Bode and Lowe",407-546-3553,mwinchurch3@pcworld.com,Indian,2,8 Starling Trail,7692,New_Westminster
5,Aufderhar-Kovacek,669-793-5654,sfurbank4@issuu.com,European,2.4,773 Crownhardt Court,5268,Vancouver
6,Schuppe and Sons,544-620-2935,sspurett5@admin.ch,African,3,467 Nova Crossing,5086,Burnaby
7,Dickinson and Sons,728-985-8674,bmacadam6@tinypic.com,Indian,3.3,9781 Killdeer Lane,1169,Vancouver
8,Mraz-Wilderman,227-448-1706,ubehrendsen7@biblegateway.com,European,4.4,18 Northview Road,8967,Richmond
9,Denesik LLC,894-231-9333,zmckerley8@omniture.com,Mexican,4.6,1 Blaine Way,7505,Burnaby
10,Maggio-Kilback,238-419-9093,lhavesides9@sfgate.com,African,4.5,14 Sunfield Crossing,9912,Richmond
11,"Brakus, Kunze and Jacobi",285-532-0915,hinolda@disqus.com,European,1,521 Bay Junction,2250,Coquitlam
12,Nikolaus Group,637-392-3944,gjillittb@bbb.org,Fast_Food,4.2,447 Anhalt Terrace,8928,Burnaby
13,Baumbach-Larkin,764-248-4322,nmottleyc@vkontakte.ru,Chinese,1.5,0433 Killdeer Parkway,5610,Richmond
14,Runolfsdottir-Greenholt,101-756-6180,vmbarrond@amazonaws.com,European,3.9,37029 Annamark Street,1835,Richmond
15,Hane Inc,127-637-6413,mgowmane@mediafire.com,European,1.1,2226 Toban Circle,8812,Coquitlam
16,Graham and Sons,672-990-6538,hkoschkef@quantcast.com,African,1.6,09 Burning Wood Alley,2852,New_Westminster
17,Toy-Thiel,378-517-3280,ctreleveng@ifeng.com,Indian,3.1,9630 Rowland Alley,9887,Burnaby
18,Thiel Group,231-859-8187,msibyllinah@i2i.jp,Mexican,3.7,37 Birchwood Avenue,2966,Vancouver
19,"O'Kon, Johnston and Rice",380-297-4221,astrattani@mayoclinic.com,Mexican,4.4,81992 Clarendon Street,5609,Coquitlam
20,"Goodwin, Morissette and Botsford",349-878-3441,dduranj@blog.com,Chinese,4.3,19540 Talisman Way,9581,Coquitlam
21,"Rowe, Daniel and Bradtke",543-536-7899,ayegoshink@flavors.me,Fast_Food,4.8,436 Hanson Park,1926,New_Westminster
22,Langworth-Cartwright,635-135-3899,mkohlermanl@cnn.com,African,4.2,4787 Gateway Alley,3346,Coquitlam
23,Harber Group,575-918-5898,okitchenmanm@wordpress.org,Fast_Food,1.1,87299 Stuart Pass,9836,Coquitlam
24,Schmeler LLC,883-203-7692,rmapplethorpen@nationalgeographic.com,African,2.5,06997 Sunbrook Point,2263,Vancouver
25,Prohaska-Bailey,561-664-2710,fcausbeyo@dedecms.com,European,1,494 Graceland Parkway,8804,Richmond
26,Nicolas-Kiehn,252-563-6556,mthirlawayp@about.com,Mexican,1.5,40 Russell Circle,9888,Richmond
27,Ward Inc,858-142-8915,wslyfordq@hibu.com,African,5,1439 Kennedy Parkway,2102,Richmond
28,Lind and Sons,104-332-6260,doclovanr@de.vu,African,1.9,31 Dovetail Parkway,9220,Coquitlam
29,Gerlach Group,151-782-9067,dcordovas@joomla.org,Indian,1.1,6760 Sherman Alley,7370,Coquitlam
30,Wuckert LLC,972-765-2090,bcawthront@bloomberg.com,Fast_Food,2.8,7571 Blaine Plaza,4103,Burnaby
31,Bartell and Sons,740-484-4834,kyanshinu@google.com.hk,Fast_Food,3.7,3953 Charing Cross Center,7768,Coquitlam
32,Spinka and Sons,761-962-0697,bvegasv@youtu.be,Indian,1.1,62430 Golden Leaf Alley,2657,Burnaby
33,Hudson LLC,937-921-9359,bsmedmoorw@google.ca,European,2.7,44042 Fulton Junction,9642,Richmond
34,King and Sons,997-278-7828,fbrodbinx@elegantthemes.com,African,3.1,50002 Karstens Drive,5448,New_Westminster
35,Nicolas-Kling,796-680-6419,wmayy@meetup.com,African,2.9,22 Hanover Hill,5603,Burnaby
36,Funk-Willms,418-708-2339,gsouthworthz@xing.com,Mexican,4.9,9285 Eliot Court,3057,Vancouver
37,Hudson-Buckridge,791-440-8340,tworswick10@multiply.com,European,4,6263 Sauthoff Way,5742,Burnaby
38,Harber-Torp,970-111-9304,deverly11@ox.ac.uk,Chinese,1.3,38896 West Trail,7111,Burnaby
39,"Kilback, Kuhlman and Bergnaum",118-576-3238,odorran12@cnn.com,African,2.8,6 Cody Road,6481,Vancouver
40,Hermann-Durgan,250-652-3929,sdeancywillis13@goodreads.com,Mexican,1.1,87445 Stoughton Center,5269,Richmond
41,Kreiger and Sons,613-301-0377,bhuot14@imgur.com,Mexican,3.2,0 Texas Circle,1407,Coquitlam
42,"Jerde, Ullrich and Bogisich",943-146-3536,hperrin15@cam.ac.uk,Chinese,2.5,85129 Merry Street,5369,Richmond
43,"Pacocha, Goyette and Cummerata",707-400-4528,mdrain16@intel.com,African,2.3,54889 Karstens Crossing,2496,Coquitlam
44,Swift and Sons,819-930-2130,rpaulig17@npr.org,European,1.5,19096 Menomonie Road,2837,New_Westminster
45,"Bogan, Stoltenberg and Marvin",337-114-6802,lfeander18@toplist.cz,Indian,4.5,349 Thackeray Lane,9558,New_Westminster
46,Balistreri-Okuneva,577-632-4805,sotson19@alibaba.com,Fast_Food,4.4,24 Bonner Lane,2928,Burnaby
47,Jakubowski-Stanton,365-915-7609,lrunchman1a@cisco.com,Chinese,2.5,03290 Tennyson Circle,5721,Vancouver
48,"Brown, Welch and Dibbert",125-892-8880,plucia1b@paypal.com,Fast_Food,4.5,34 Golden Leaf Trail,3388,Coquitlam
49,Beatty-Dibbert,674-831-1198,lmapples1c@purevolume.com,Fast_Food,3.3,8 Northwestern Center,8687,New_Westminster
50,Bayer-Donnelly,493-890-7680,rsharp1d@example.com,Mexican,4.9,460 Eagle Crest Plaza,9665,Richmond
